feature	metadata	value	coef	stderr	N	N.not.0	pval	qval
Moraxella	age_days_numeric	age_days_numeric	0.495738011484132	0.125851142209966	255	248	0.000118803014578408	0.0135435436619385
Streptobacillus	age_days_numeric	age_days_numeric	-0.248414167076341	0.0878081587530069	255	43	0.0052270874310035	0.0993146611890666
ASV_22	HAZ12_2	middle	-2.18684429981829	0.728330996118327	255	119	0.00355762458884313	0.0993146611890666
Neisseria	age_days_numeric	age_days_numeric	-0.31594316066273	0.110758730205972	255	68	0.00486634235708588	0.0993146611890666
Haemophilus	collection_season2	spring	1.89173998090547	0.620176524592641	255	202	0.00253922728738779	0.0993146611890666
Acinetobacter	age_days_numeric	age_days_numeric	0.238336149704349	0.0804747292832185	255	21	0.00348732842248447	0.0993146611890666
Corynebacterium	collection_season2	winter	1.1866714492586	0.474362189012067	255	225	0.0132304205898125	0.215466849605517
