feature,metadata,value,coef,stderr,N,N.not.0,pval,qval
ASV_176_Veillonella_nan,WAZ12_2,middle,0.658033504481034,0.213388053381738,210,18,0.0029596605998393,0.0403590081796276
