feature	metadata	value	coef	stderr	N	N.not.0	pval	qval
ASV_4_Corynebacterium_nan	collection_season2	winter	1.67721673677706	0.487322964374389	255	205	0.000713672265933437	0.0414064737739245
ASV_1_Moraxella_nan	age_days_numeric	age_days_numeric	0.436618919422593	0.127238568551804	255	248	0.000752844977707718	0.0414064737739245
ASV_2_Haemophilus_nan	collection_season2	spring	2.04820870349748	0.639229394307459	255	139	0.00154028760270315	0.0564772120991157
ASV_3_Haemophilus_nan	collection_season2	spring	2.06659505915511	0.704448027060072	255	123	0.0036627388334165	0.100725317918954
ASV_8_Corynebacterium_nan	age_days_numeric	age_days_numeric	-0.302814337382122	0.120019577569284	255	94	0.0125481964058508	0.197185943520513
ASV_10_Streptococcus_nan	collection_season2	winter	-0.956161859373223	0.372681239057483	255	65	0.011232432872885	0.197185943520513
ASV_11_Moraxella_lincolnii	age_days_numeric	age_days_numeric	0.18836126769301	0.0740067373532053	255	34	0.0118181006020845	0.197185943520513
ASV_3_Haemophilus_nan	age_days_numeric	age_days_numeric	0.460451621382815	0.186259460863341	255	123	0.0144202201513726	0.198278027081374
