feature	metadata	value	coef	stderr	N	N.not.0	pval	qval
Moraxella	age_days_numeric	age_days_numeric	0.496830321620859	0.125880510303003	255	248	0.00011534036499161	0.0109573346742029
Streptobacillus	age_days_numeric	age_days_numeric	-0.249691783104864	0.0878238036223245	255	43	0.00501237640588685	0.0952351517118502
Neisseria	age_days_numeric	age_days_numeric	-0.318043116111467	0.110774814864683	255	68	0.00460214892090506	0.0952351517118502
Haemophilus	collection_season2	spring	1.87748623042647	0.620614848962849	255	202	0.00274995077265092	0.0952351517118502
Acinetobacter	age_days_numeric	age_days_numeric	0.23935352518604	0.080499735916403	255	21	0.00336322369587607	0.0952351517118502
Corynebacterium	collection_season2	winter	1.22803480889317	0.472715947319435	255	225	0.0101296018520186	0.160385362656961
