feature	metadata	value	coef	stderr	N	N.not.0	pval	qval
ASV_4_Corynebacterium_nan	collection_season2	winter	1.66871977121751	0.490120149861639	255	205	0.000811408473584098	0.0535529592565505
ASV_1_Moraxella_nan	age_days_numeric	age_days_numeric	0.436892105850905	0.127272012621846	255	248	0.000749719596505116	0.0535529592565505
ASV_2_Haemophilus_nan	collection_season2	spring	2.09153632913342	0.641030520229141	255	139	0.00126641816672909	0.05572239933608
ASV_22_ASV_22_nan	HAZ12_2	middle	-2.19555700690414	0.685829418637152	255	124	0.0019565803031208	0.0645671500029863
ASV_3_Haemophilus_nan	collection_season2	spring	2.15010230672799	0.70519783034342	255	123	0.00254542340518839	0.0671991778969735
ASV_8_Corynebacterium_nan	age_days_numeric	age_days_numeric	-0.302091501627379	0.120002229903464	255	94	0.0127437668116389	0.207449350749692
ASV_10_Streptococcus_nan	collection_season2	winter	-0.929084956627849	0.373106380331513	255	65	0.0138190124482173	0.207449350749692
ASV_3_Haemophilus_nan	age_days_numeric	age_days_numeric	0.461456812085018	0.186131005613489	255	123	0.0141442739147518	0.207449350749692
ASV_11_Moraxella_lincolnii	age_days_numeric	age_days_numeric	0.187708614853593	0.0739910974052539	255	34	0.012090032508682	0.207449350749692
