feature	metadata	value	coef	stderr	N	N.not.0	pval	qval
Moraxella	age_days_numeric	age_days_numeric	0.497682357357723	0.125863773926397	255	248	0.000112149414407168	0.0127850332424172
Streptobacillus	age_days_numeric	age_days_numeric	-0.249775040715653	0.0878092230468861	255	43	0.00499078187964978	0.113789826856015
Neisseria	age_days_numeric	age_days_numeric	-0.317039488173862	0.11076858022533	255	68	0.00472718132863678	0.113789826856015
Haemophilus	collection_season2	spring	1.86944288842961	0.618969729382143	255	202	0.0027956145426173	0.113789826856015
Acinetobacter	age_days_numeric	age_days_numeric	0.238724651895839	0.0805005463107957	255	21	0.00344586191500672	0.113789826856015
Corynebacterium	collection_season2	winter	1.2152591903904	0.472681106069484	255	225	0.0109304137134552	0.207677860555649
