feature,metadata,value,coef,stderr,N,N.not.0,pval,qval,ANCOM_W_cutoff_0.6,W
ASV_4_Corynebacterium_nan,collection_season2,winter,1.67651352613251,0.485579164724256,255,205,0.0006863906838683,0.0331487494679751,True,18
ASV_2_Haemophilus_nan,collection_season2,spring,2.09213131057544,0.637437151688042,255,139,0.0011850343862244,0.0347610086625843,True,20
ASV_2_Haemophilus_nan,collection_season2,spring,2.09213131057544,0.637437151688042,255,139,0.0011850343862244,0.0347610086625843,True,20
ASV_2_Haemophilus_nan,collection_season2,autumn,-1.10012748163118,0.617211384628298,255,139,0.0759287940734282,0.445448925230779,True,20
ASV_2_Haemophilus_nan,collection_season2,winter,-0.244167782953112,0.620636711562814,255,139,0.694450640479548,0.825833194083787,True,20
