feature,metadata,value,coef,stderr,N,N.not.0,pval,qval,ANCOM_W_cutoff_0.6,W
ASV_1_Moraxella_nan,timepoint_month,M05,-0.618753488394304,1.11823884794797,255,248,0.580623763914851,0.871763770819096,True,14
ASV_1_Moraxella_nan,timepoint_month,M06,-1.63932196012326,2.09113798410531,255,248,0.433944212903529,0.871763770819096,True,14
