feature	metadata	value	coef	stderr	N	N.not.0	pval	qval
Moraxella	age_days_numeric	age_days_numeric	0.495198148266727	0.125835778873383	255	248	0.000120532021963745	0.0114505420865558
Streptobacillus	age_days_numeric	age_days_numeric	-0.249273256837973	0.0877636697212623	255	43	0.00505412745410047	0.096028421627909
Neisseria	age_days_numeric	age_days_numeric	-0.316122246002586	0.110764947840063	255	68	0.00484514790381105	0.096028421627909
Haemophilus	collection_season2	spring	1.83827939504296	0.620193285975996	255	202	0.00333638712354217	0.096028421627909
Acinetobacter	age_days_numeric	age_days_numeric	0.238837426093781	0.0804774379815725	255	21	0.00342180431906516	0.096028421627909
Corynebacterium	collection_season2	winter	1.18812140200012	0.471098666497684	255	225	0.0125109561024979	0.19809013828955
Streptobacillus	collection_season2	winter	-0.629270175511412	0.26028235700692	255	43	0.0167612218586556	0.227473725224611
