feature,metadata,value,coef,stderr,N,N.not.0,pval,qval,ANCOM_W_cutoff_0.6,W
ASV_5_Staphylococcus_nan,collection_season2,spring,-2.02769328367237,0.599258094627726,210,138,0.0008850141236523,0.0098334902628043,True,19
ASV_5_Staphylococcus_nan,collection_season2,winter,-1.99495147434529,0.675469583365156,210,138,0.0036235919429104,0.0329417449355496,True,19
ASV_5_Staphylococcus_nan,collection_season2,spring,-2.02769328367237,0.599258094627726,210,138,0.0008850141236523,0.0098334902628043,True,19
ASV_5_Staphylococcus_nan,collection_season2,winter,-1.99495147434529,0.675469583365156,210,138,0.0036235919429104,0.0329417449355496,True,19
ASV_5_Staphylococcus_nan,collection_season2,autumn,-0.484624510645834,0.638324675031778,210,138,0.448613674529528,0.862718604864477,True,19
