feature,metadata,value,coef,stderr,N,N.not.0,pval,qval,ANCOM_W_cutoff_0.6,W
ASV_8_Corynebacterium_nan,siblings2,yes,-1.99562391160122,0.607016047112256,210,120,0.001612287010328,0.0189889964819826,True,23
ASV_8_Corynebacterium_nan,siblings2,yes,-1.99562391160122,0.607016047112256,210,120,0.001612287010328,0.0189889964819826,True,23
