feature,metadata,value,coef,stderr,N,N.not.0,pval,qval,ANCOM_W_cutoff_0.6,W
ASV_1_Moraxella_nan,timepoint_month,M02,0.296685388972756,1.39327198666456,210,178,0.831608345473683,0.995407266582997,True,22
ASV_1_Moraxella_nan,timepoint_month,M03,-0.01376458003628,2.86902866830668,210,178,0.996177157914681,0.996177157914681,True,22
