feature	metadata	value	coef	stderr	N	N.not.0	pval	qval
Staphylococcus	collection_season2	spring	-3.04912608892209	0.785138016017201	210	143	0.000147650483164782	0.0177180579797738
Staphylococcus	collection_season2	winter	-2.60766856928946	0.8823142284815	210	143	0.00361217795020144	0.216730677012086
