feature,metadata,value,coef,stderr,N,N.not.0,pval,qval
ASV_63,siblings2,yes,-0.634243296176279,0.223914120457953,210,23,0.0060783850550608,0.0494143018534935
