feature,metadata,value,coef,stderr,N,N.not.0,pval,qval
Staphylococcus,collection_season2,spring,-2.12692308808582,0.610642897941916,210,137,0.0006309623974436,0.0056085546439431
Staphylococcus,collection_season2,winter,-2.11191759855179,0.687029230560631,210,137,0.0025007089483076,0.0181869741695103
