feature	metadata	value	coef	stderr	N	N.not.0	pval	qval
ASV_4_Corynebacterium_nan	collection_season2	winter	1.72066264968958	0.488153874806422	255	205	0.00053415358210391	0.0469062306040172
ASV_1_Moraxella_nan	age_days_numeric	age_days_numeric	0.438817041375962	0.127260234274204	255	248	0.00071070046369723	0.0469062306040172
ASV_2_Haemophilus_nan	collection_season2	spring	2.09630246906503	0.636876899031594	255	139	0.00114998760200494	0.0505994544882174
ASV_3_Haemophilus_nan	collection_season2	spring	2.12076039917057	0.704829771076069	255	123	0.00289221810233249	0.095443197376972
ASV_8_Corynebacterium_nan	age_days_numeric	age_days_numeric	-0.301085015922125	0.119997042563623	255	94	0.0130351345898733	0.245242707582472
ASV_10_Streptococcus_nan	collection_season2	winter	-0.919829920679548	0.373453913952026	255	65	0.0148631943989377	0.245242707582472
ASV_3_Haemophilus_nan	age_days_numeric	age_days_numeric	0.460403508781943	0.186196411891252	255	123	0.014396635249107	0.245242707582472
ASV_11_Moraxella_lincolnii	age_days_numeric	age_days_numeric	0.187436148020738	0.0739882083854751	255	34	0.0122095408518987	0.245242707582472
