feature,metadata,value,coef,stderr,N,N.not.0,pval,qval
Acinetobacter,gestation2,middle,-1.0012436689976,0.272525077309323,255,21,0.0004272930057592,0.0243557013282752
