feature	metadata	value	coef	stderr	N	N.not.0	pval	qval
Moraxella	age_days_numeric	age_days_numeric	0.502651381320411	0.125994896671121	255	248	9.79968411734285e-05	0.0111716398937708
Acinetobacter	gestation2	middle	-1.0012436689976	0.272525077309323	255	21	0.000427293005759214	0.0243557013282752
Haemophilus	collection_season2	spring	1.89602226546551	0.6206217065304	255	202	0.00250123036657769	0.0712850654474643
Acinetobacter	age_days_numeric	age_days_numeric	0.248289603764367	0.0804930633645701	255	21	0.00237151268344018	0.0712850654474643
Streptobacillus	age_days_numeric	age_days_numeric	-0.248502482340198	0.0878238430249587	255	43	0.00521953232507285	0.0991711141763842
Neisseria	age_days_numeric	age_days_numeric	-0.318756117461077	0.110820970478614	255	68	0.00453049954917516	0.0991711141763842
Acinetobacter	gestation2	low	-0.904095482448559	0.339065584012298	255	21	0.0092361483529537	0.150417273176675
Corynebacterium	collection_season2	winter	1.16799166381078	0.474805779482805	255	225	0.0148103959653236	0.211048142505862
Streptobacillus	collection_season2	winter	-0.624792610206819	0.261668260932726	255	43	0.0181365941752267	0.229730192886204
