feature,metadata,value,coef,stderr,N,N.not.0,pval,qval,ANCOM_W_cutoff_0.6,W
Haemophilus,collection_season2,spring,1.86055369151628,0.61786908380298,255,202,0.0028739440889321,0.0772539083004149,True,15
Haemophilus,collection_season2,autumn,-0.449286138332015,0.597278219827143,255,202,0.452633635497226,0.769377463343821,True,15
Haemophilus,collection_season2,winter,-0.0619651451170502,0.609181160999447,255,202,0.919079215479002,0.990272706322909,True,15
