feature,metadata,value,coef,stderr,N,N.not.0,pval,qval
Moraxella,first_hosp_upto_100days_post,yes,-2.72557428713028,0.362985421073846,462,458,6.51980101737549e-13,5.541830864769169e-11
