feature	metadata	value	coef	stderr	N	N.not.0	pval	qval
ASV_4_Corynebacterium_nan	collection_season2	winter	1.66257393566888	0.490333807606122	255	205	0.000857801923344011	0.0943582115678413
ASV_1_Moraxella_nan	age_days_numeric	age_days_numeric	0.431962618475915	0.126899288996385	255	248	0.000826721023233013	0.0943582115678413
ASV_2_Haemophilus_nan	collection_season2	spring	1.96358610338802	0.639422828479566	255	139	0.00239161067005791	0.131538586853185
ASV_3_Haemophilus_nan	collection_season2	spring	2.22920670194246	0.718981644026987	255	123	0.00215936470743048	0.131538586853185
ASV_58_Porphyromonas_nan	excl_bf_maxtimepoint	T04	1.70123135868463	0.567885238742211	255	37	0.00367621587958681	0.16175349870182
