feature,metadata,value,coef,stderr,N,N.not.0,pval,qval
ASV_58_Porphyromonas_nan,first_antibiotics_upto_100days_post,yes,0.563258418396614,0.187022271242904,462,51,0.0027736751531895,0.0219582616294173
ASV_13_Neisseria_nan,first_antibiotics_upto_100days_post,yes,0.544588445372365,0.207106900416102,462,45,0.0088726975633132,0.0421453134257379
