feature	metadata	value	coef	stderr	N	N.not.0	pval	qval
ASV_2_Haemophilus_nan	collection_season2	spring	2.25856691829046	0.64091424357728	255	139	0.000510848955041279	0.052262144487007
ASV_1_Moraxella_nan	age_days_numeric	age_days_numeric	0.434577791179248	0.127190222146611	255	248	0.000791850674045561	0.052262144487007
ASV_4_Corynebacterium_nan	collection_season2	winter	1.64171532758692	0.503306547048959	255	205	0.00130751354097207	0.0575305958027709
ASV_3_Haemophilus_nan	collection_season2	spring	2.02366771910977	0.71315540294902	255	123	0.00492158559112151	0.16241232450701
ASV_8_Corynebacterium_nan	age_days_numeric	age_days_numeric	-0.299023748375803	0.119985150930847	255	94	0.0136493141156279	0.225213682907861
ASV_10_Streptococcus_nan	collection_season2	winter	-0.993785478074353	0.3875849734958	255	65	0.0112388068280018	0.225213682907861
ASV_3_Haemophilus_nan	age_days_numeric	age_days_numeric	0.464903028362659	0.186480703888998	255	123	0.0136286168914927	0.225213682907861
ASV_11_Moraxella_lincolnii	age_days_numeric	age_days_numeric	0.188718071875324	0.0740183152772834	255	34	0.0116751308408417	0.225213682907861
