feature	metadata	value	coef	stderr	N	N.not.0	pval	qval
Moraxella	age_days_numeric	age_days_numeric	0.497483283834758	0.125829611671024	255	248	0.000112343512235361	0.0106726336623593
Streptobacillus	age_days_numeric	age_days_numeric	-0.250460819223465	0.0878273919858531	255	43	0.00488395548004329	0.0927951541208225
Neisseria	age_days_numeric	age_days_numeric	-0.316228767261074	0.110764702862421	255	68	0.00483089685436624	0.0927951541208225
Haemophilus	collection_season2	spring	1.86965749967557	0.617505337411609	255	202	0.0027285772905123	0.0927951541208225
Acinetobacter	age_days_numeric	age_days_numeric	0.23923830665926	0.0804845611288935	255	21	0.00337219011404094	0.0927951541208225
Corynebacterium	collection_season2	winter	1.20205710881434	0.472486670732021	255	225	0.0117695552911412	0.186351292109736
