feature	metadata	value	coef	stderr	N	N.not.0	pval	qval
ASV_4_Corynebacterium_nan	collection_season2	winter	1.66636204603927	0.488833449014156	255	205	0.000799056199075274	0.0439480909491401
ASV_1_Moraxella_nan	age_days_numeric	age_days_numeric	0.439229086349056	0.127218542010497	255	248	0.00069991560114431	0.0439480909491401
ASV_2_Haemophilus_nan	collection_season2	spring	2.08651225771568	0.639190995933329	255	139	0.00125924325556735	0.0461722527041361
ASV_3_Haemophilus_nan	collection_season2	spring	2.11754590861086	0.703856791102065	255	123	0.00289486090493764	0.079608674885785
ASV_8_Corynebacterium_nan	age_days_numeric	age_days_numeric	-0.304117005107782	0.120046990140038	255	94	0.0121997657099355	0.21764311049368
ASV_3_Haemophilus_nan	age_days_numeric	age_days_numeric	0.463097233711085	0.18620767102357	255	123	0.0138500161223251	0.21764311049368
ASV_11_Moraxella_lincolnii	age_days_numeric	age_days_numeric	0.188353699562908	0.0740091572215092	255	34	0.0118241757285506	0.21764311049368
ASV_10_Streptococcus_nan	collection_season2	winter	-0.8978228393299	0.368945691509306	255	65	0.0160875800612068	0.221204225841594
