feature	metadata	value	coef	stderr	N	N.not.0	pval	qval
ASV_4_Corynebacterium_nan	collection_season2	winter	1.92739881768687	0.495611622226599	255	205	0.000139375823629624	0.0183976087191104
ASV_1_Moraxella_nan	age_days_numeric	age_days_numeric	0.43818870724293	0.12737849932837	255	248	0.000731312578586204	0.0482666301866895
ASV_2_Haemophilus_nan	collection_season2	spring	2.02876723968111	0.650556195061293	255	139	0.0020400626997544	0.0897627587891936
ASV_10_Streptococcus_nan	collection_season2	winter	-1.0275160972492	0.380349975113173	255	65	0.0076471654878177	0.201885168878387
ASV_3_Haemophilus_nan	collection_season2	spring	1.96718950420261	0.711998130830064	255	123	0.0061586262576573	0.201885168878387
ASV_8_Corynebacterium_nan	age_days_numeric	age_days_numeric	-0.306057957232943	0.120091873581132	255	94	0.0116999103187363	0.220626880296171
ASV_11_Moraxella_lincolnii	age_days_numeric	age_days_numeric	0.188713028538296	0.0740086644282536	255	34	0.0116662574978998	0.220626880296171
ASV_3_Haemophilus_nan	age_days_numeric	age_days_numeric	0.465931876045758	0.186542162728889	255	123	0.0134570837580994	0.222041882008641
