feature	metadata	value	coef	stderr	N	N.not.0	pval	qval
ASV_4_Corynebacterium_nan	collection_season2	winter	1.73240131014649	0.488046681339144	255	205	0.000487731424892431	0.0331529322327301
ASV_2_Haemophilus_nan	collection_season2	spring	2.14607521413622	0.63844350013996	255	139	0.000904170879074458	0.0331529322327301
ASV_1_Moraxella_nan	age_days_numeric	age_days_numeric	0.43833618427922	0.127309448726118	255	248	0.000723505350296277	0.0331529322327301
ASV_3_Haemophilus_nan	collection_season2	spring	2.11386899207704	0.705733232431158	255	123	0.00301865435064277	0.0830129946426763
ASV_8_Corynebacterium_nan	age_days_numeric	age_days_numeric	-0.303186835008523	0.120032922839255	255	94	0.0124516597876946	0.209917669208794
ASV_10_Streptococcus_nan	collection_season2	winter	-0.917363733226472	0.374041250964814	255	65	0.0152667395788214	0.209917669208794
ASV_3_Haemophilus_nan	age_days_numeric	age_days_numeric	0.461524909168609	0.186216408321856	255	123	0.0141748918615602	0.209917669208794
ASV_11_Moraxella_lincolnii	age_days_numeric	age_days_numeric	0.187469286257049	0.0739974323609121	255	34	0.0122054694344081	0.209917669208794
