feature	metadata	value	coef	stderr	N	N.not.0	pval	qval
ASV_4_Corynebacterium_nan	collection_season2	winter	1.65551035896184	0.48977370549936	255	205	0.000881062856283382	0.0445011743526339
ASV_2_Haemophilus_nan	collection_season2	spring	2.09307026199038	0.639059368526831	255	139	0.00121366839143547	0.0445011743526339
ASV_1_Moraxella_nan	age_days_numeric	age_days_numeric	0.437389180339322	0.127269027342797	255	248	0.000739411944918711	0.0445011743526339
ASV_3_Haemophilus_nan	collection_season2	spring	2.10530624748082	0.704285896926574	255	123	0.00307641578455514	0.0846014340752664
ASV_10_Streptococcus_nan	collection_season2	winter	-1.03619479513162	0.370082623547143	255	65	0.0057565951088232	0.12664509239411
ASV_8_Corynebacterium_nan	age_days_numeric	age_days_numeric	-0.302983542217429	0.120041406971971	255	94	0.0125158449699297	0.190881002742144
ASV_3_Haemophilus_nan	age_days_numeric	age_days_numeric	0.463040152090073	0.186247902279772	255	123	0.0138822547448832	0.190881002742144
ASV_11_Moraxella_lincolnii	age_days_numeric	age_days_numeric	0.187529717837653	0.0739991770481412	255	34	0.0121801610779315	0.190881002742144
