feature,metadata,value,coef,stderr,N,N.not.0,pval,qval
ASV_58_Porphyromonas_nan,sex,male,-0.659931600456379,0.222303481647212,210,29,0.004130219717922,0.0430231220616876
