feature,metadata,value,coef,stderr,N,N.not.0,pval,qval
ASV_4_Corynebacterium_nan,collection_season2,winter,1.67651352613251,0.485579164724256,255,205,0.0006863906838683,0.0331487494679751
ASV_2_Haemophilus_nan,collection_season2,spring,2.09213131057544,0.637437151688042,255,139,0.0011850343862244,0.0347610086625843
