feature	metadata	value	coef	stderr	N	N.not.0	pval	qval
ASV_4_Corynebacterium_nan	collection_season2	winter	1.67651352613251	0.485579164724256	255	205	0.000686390683868386	0.0331487494679751
ASV_1_Moraxella_nan	age_days_numeric	age_days_numeric	0.436547921464364	0.127226160246679	255	248	0.000753380669726707	0.0331487494679751
ASV_2_Haemophilus_nan	collection_season2	spring	2.09213131057544	0.637437151688042	255	139	0.00118503438622446	0.0347610086625843
ASV_3_Haemophilus_nan	collection_season2	spring	2.10570055337386	0.702974670759849	255	123	0.0030161955897625	0.0663563029747751
ASV_8_Corynebacterium_nan	age_days_numeric	age_days_numeric	-0.302751469846376	0.120009408231641	255	94	0.0125587286737768	0.156286396821228
ASV_10_Streptococcus_nan	collection_season2	winter	-0.956722456482129	0.371253215218506	255	65	0.0108779792773801	0.156286396821228
ASV_3_Haemophilus_nan	age_days_numeric	age_days_numeric	0.461289796353131	0.186186741675495	255	123	0.0142078542564753	0.156286396821228
ASV_11_Moraxella_lincolnii	age_days_numeric	age_days_numeric	0.188126964455361	0.073993522775585	255	34	0.0119062210428504	0.156286396821228
ASV_5_Staphylococcus_nan	age_days_numeric	age_days_numeric	-0.317363142757354	0.137982264697149	255	72	0.0226472807949494	0.22144007888395
