feature,metadata,value,coef,stderr,N,N.not.0,pval,qval
ASV_22_ASV_22_nan,HAZ12_2,low,-3.10821993415413,0.896796960325361,462,161,0.0008823328920393,0.0111762166324982
ASV_22_ASV_22_nan,HAZ12_2,middle,-3.00928343665427,0.879623482061529,462,161,0.0010176893847207,0.0116016589858163
