feature	metadata	value	coef	stderr	N	N.not.0	pval	qval
ASV_4_Corynebacterium_nan	collection_season2	winter	1.68443635368094	0.483829382934025	255	205	0.000622563271247026	0.0430644368550309
ASV_1_Moraxella_nan	age_days_numeric	age_days_numeric	0.434818817179543	0.127139787575269	255	248	0.000782989761000562	0.0430644368550309
ASV_2_Haemophilus_nan	collection_season2	spring	2.09579131469609	0.63994364776792	255	139	0.00121455952995417	0.0445338494316528
ASV_3_Haemophilus_nan	collection_season2	spring	2.11155855589934	0.705156649481382	255	123	0.00302654646233502	0.083230027714213
ASV_8_Corynebacterium_nan	age_days_numeric	age_days_numeric	-0.303090606157005	0.119999547815653	255	94	0.0124546249631128	0.194826883518403
ASV_10_Streptococcus_nan	collection_season2	winter	-0.953365398490589	0.371707178131966	255	65	0.011260077943923	0.194826883518403
ASV_3_Haemophilus_nan	age_days_numeric	age_days_numeric	0.461509428385489	0.186199237796084	255	123	0.0141692278922475	0.194826883518403
ASV_11_Moraxella_lincolnii	age_days_numeric	age_days_numeric	0.188158485479882	0.0739821473796094	255	34	0.0118790760280651	0.194826883518403
