feature	metadata	value	coef	stderr	N	N.not.0	pval	qval
ASV_5_Staphylococcus_nan	collection_season2	spring	-2.87205079129493	0.802797078510987	210	141	0.000451329984288548	0.0676994976432822
ASV_5_Staphylococcus_nan	collection_season2	winter	-2.63696975484374	0.903363000304378	210	141	0.00402571119975578	0.148735013077014
ASV_13_Neisseria_nan	age_days_numeric	age_days_numeric	2.93336837354544	1.03135478273399	210	31	0.00493421836037277	0.148735013077014
ASV_13_Neisseria_nan	timepoint_month	M02	-3.46955147763122	1.22021310752944	210	31	0.00495783376923379	0.148735013077014
ASV_13_Neisseria_nan	timepoint_month	M03	-7.194484401003	2.51020087299554	210	31	0.00462145725164746	0.148735013077014
ASV_7_Streptococcus_nan	age_days_numeric	age_days_numeric	2.68497166837206	1.00211880555061	210	83	0.0080759755722237	0.201899389305593
