feature	metadata	value	coef	stderr	N	N.not.0	pval	qval
ASV_4_Corynebacterium_nan	collection_season2	winter	1.70447396945615	0.486087412630261	255	205	0.000568681931556113	0.0750660149654069
ASV_2_Haemophilus_nan	collection_season2	spring	2.08333541781293	0.640654981963846	255	139	0.00131394995528426	0.0867206970487611
ASV_3_Haemophilus_nan	collection_season2	spring	2.06173910858014	0.70581960995365	255	123	0.00381010172808028	0.167644476035533
