feature,metadata,value,coef,stderr,N,N.not.0,pval,qval,ANCOM_W_cutoff_0.6,W
ASV_22,HAZ12_2,low,-3.06647170089225,0.899283434678277,462,154,0.0010544146980567,0.013443787400224,True,11
ASV_22,HAZ12_2,middle,-2.92431121991553,0.882060921286748,462,154,0.0014189032152094,0.0160809031057067,True,11
ASV_22,HAZ12_2,low,-3.06647170089225,0.899283434678277,462,154,0.0010544146980567,0.013443787400224,True,11
ASV_22,HAZ12_2,middle,-2.92431121991553,0.882060921286748,462,154,0.0014189032152094,0.0160809031057067,True,11
