feature,metadata,value,coef,stderr,N,N.not.0,pval,qval
Moraxella,siblings2,yes,-0.678733154667249,0.217908855091787,462,458,0.0025942647195955,0.0220512501165623
