feature,metadata,value,coef,stderr,N,N.not.0,pval,qval
Prevotella,first_INH_upto_100days_post,yes,1.31761861838507,0.313517162978508,462,30,3.20812543324226e-05,0.0009089688727519
