feature,metadata,value,coef,stderr,N,N.not.0,pval,qval
ASV_14_Corynebacterium_nan,HAZ12_2,low,-1.58418453467313,0.533782402037859,210,32,0.0033593364143706,0.041991705179633
