feature	metadata	value	coef	stderr	N	N.not.0	pval	qval
ASV_4_Corynebacterium_nan	collection_season2	winter	1.66661605055087	0.487915815067439	255	205	0.000780490364179037	0.042926970029847
ASV_1_Moraxella_nan	age_days_numeric	age_days_numeric	0.44052178089651	0.127206267913301	255	248	0.000674875211689884	0.042926970029847
ASV_2_Haemophilus_nan	collection_season2	spring	2.078583243696	0.642707761520411	255	139	0.00139259914043473	0.0510619684826068
ASV_3_Haemophilus_nan	collection_season2	spring	2.02712251788991	0.705269225926177	255	123	0.00439992224382591	0.120997861705212
ASV_8_Corynebacterium_nan	age_days_numeric	age_days_numeric	-0.308744257692717	0.120029444841537	255	94	0.0109552803096407	0.207767850154144
ASV_11_Moraxella_lincolnii	age_days_numeric	age_days_numeric	0.189558269310994	0.074034450966601	255	34	0.0113327918265897	0.207767850154144
ASV_10_Streptococcus_nan	collection_season2	winter	-0.908432800337361	0.367368116903691	255	65	0.0144840327152902	0.21378787894104
ASV_3_Haemophilus_nan	age_days_numeric	age_days_numeric	0.455546143730976	0.18638527466529	255	123	0.0155482093775302	0.21378787894104
