feature,metadata,value,coef,stderr,N,N.not.0,pval,qval,ANCOM_W_cutoff_0.6,W
ASV_11_Moraxella_lincolnii,timepoint_month,M08,-0.37463383878439,0.747029257350842,462,82,0.616301408951855,0.761918982733373,True,11
ASV_11_Moraxella_lincolnii,timepoint_month,M09,-0.705908386511975,1.51994925433792,462,82,0.642596248947622,0.763083045625302,True,11
ASV_11_Moraxella_lincolnii,timepoint_month,M12,-1.52891374106006,3.62165665542867,462,82,0.673138456425887,0.783322423619265,True,11
ASV_11_Moraxella_lincolnii,timepoint_month,M10,-0.750919618623583,2.29905227961473,462,82,0.744127037913256,0.820940151504302,True,11
ASV_11_Moraxella_lincolnii,timepoint_month,M11,-1.00108019951701,2.95098660948602,462,82,0.734612100099017,0.820940151504302,True,11
