feature,metadata,value,coef,stderr,N,N.not.0,pval,qval,ANCOM_W_cutoff_0.6,W
Staphylococcus,collection_season2,spring,-2.12692308808582,0.610642897941916,210,137,0.0006309623974436,0.0056085546439431,True,18
Staphylococcus,collection_season2,winter,-2.11191759855179,0.687029230560631,210,137,0.0025007089483076,0.0181869741695103,True,18
Staphylococcus,collection_season2,spring,-2.12692308808582,0.610642897941916,210,137,0.0006309623974436,0.0056085546439431,True,18
Staphylococcus,collection_season2,winter,-2.11191759855179,0.687029230560631,210,137,0.0025007089483076,0.0181869741695103,True,18
Staphylococcus,collection_season2,autumn,-0.45763008778479,0.656329000351095,210,137,0.486441569626623,0.980968464274152,True,18
