feature,metadata,value,coef,stderr,N,N.not.0,pval,qval,ANCOM_W_cutoff_0.6,W
Prevotella,HIV,_unexposed,-0.855123832921953,0.295368936825098,210,41,0.0051141817915028,0.039557787202419,False,4
Klebsiella,HIV,_unexposed,-0.75282673345789,0.264030045352481,210,27,0.0058066977055397,0.039557787202419,False,0
